x,y,z
1.104026318,-9.946710587,0.453102678
1.151910305,-10.07360363,-0.023343466
1.151910305,-10.07360363,-0.023343466
1.484704375,-9.848548889,-0.277128845
1.484704375,-9.848548889,-0.277128845
0.697011948,-9.786299706,0.503380895
0.697011948,-9.786299706,0.503380895
1.051353812,-9.752780914,0.026934769
1.051353812,-9.724050522,-0.056862291
1.72891295,-10.030508041,-0.104746327
0.572513461,-9.678560257,0.192134693
0.572513461,-9.678560257,0.192134693
0.857423484,-9.637859344,0.738012671
0.857423484,-9.637859344,0.738012671
0.42886138,-9.585186958,0.117914431
1.515828967,-9.743204117,0.04369418
0.665887356,-9.757569313,0.362123013
0.665887356,-9.757569313,0.362123013
1.06093061,-9.709685326,0.105943426
1.06093061,-9.709685326,0.105943426
0.998681366,-9.616311073,0.309450567
0.998681366,-9.616311073,0.309450567
1.118391514,-9.55406189,0.18734628
1.290773988,-9.520543098,-0.018555064
1.391330481,-9.446322441,0.613514185
0.634762704,-10.432733536,0.678157628
0.634762704,-10.432733536,0.678157628
0.68743515,-9.652224541,0.237624526
0.68743515,-9.652224541,0.237624526
0.823904634,-9.683348656,1.056441545
0.823904634,-9.683348656,1.056441545
-0.198419467,-9.633070946,0.761954665
-0.198419467,-9.633070946,0.761954665
-0.176871657,-9.786299706,0.991798043
-0.370801985,-9.647436142,0.503380895
-0.550367117,-9.889249802,0.74519527
-0.550367117,-9.889249802,0.74519527
-0.014065935,-9.745597839,0.833780766
0.05057751,-9.728838921,0.852934361
-0.375590384,-9.8940382,1.006163239
-0.375590384,-9.8940382,1.006163239
-0.287004918,-9.838972092,0.730830073
-0.287004918,-9.838972092,0.730830073
-0.765845239,-9.949105263,0.4818331
0.562936664,-9.949105263,0.4818331
0.562936664,-9.757569313,1.276708007
0.328304917,-10.320206642,0.496198297
0.328304917,-10.320206642,0.496198297
0.637156904,-10.001777649,1.178545833
1.115997314,-10.219650269,0.503380895
1.168669701,-9.475052834,0.070030399
1.934814215,-9.419986725,-0.473453373
2.62195015,-9.642647743,-0.74399817
1.436820269,-9.599552155,-0.16699557
1.436820269,-9.599552155,-0.16699557
1.836651921,-9.917980194,-0.787093818
1.836651921,-9.917980194,-0.787093818
1.348234773,-9.594763756,-0.289099842
1.348234773,-9.594763756,-0.289099842
1.487098575,-9.455899239,-0.643441677
1.678634644,-9.697713852,-0.77991122
1.027411819,-9.767146111,-0.128688335
1.360205889,-9.424775124,0.02932897
1.360205889,-9.424775124,0.02932897
1.666663647,-9.642647743,-0.973841548
1.666663647,-9.642647743,-0.973841548
1.118391514,-9.625887871,-0.741603971
1.118391514,-9.625887871,-0.741603971
1.135150909,-9.518148422,-0.219668001
1.135150909,-9.518148422,-0.219668001
1.645115852,-9.625887871,-0.861314058
0.919672728,-9.759963036,-0.356137514
0.919672728,-9.759963036,-0.356137514
1.482310176,-9.731232643,-0.157418758
1.482310176,-9.731232643,-0.157418758
1.374571085,-9.585186958,-0.653018534
1.374571085,-9.585186958,-0.653018534
1.147121906,-9.649829865,-0.485424399
1.230919003,-9.647436142,-0.052073888
1.230919003,-9.647436142,-0.052073888
1.254860997,-9.645041466,-0.380079508
1.254860997,-9.645041466,-0.380079508
1.271620393,-9.680954933,-0.435146153
1.479915977,-9.671378136,-0.272340447
1.479915977,-9.671378136,-0.272340447
1.180640697,-9.680954933,-0.466270775
1.683423042,-9.599552155,-0.569221437
1.376965284,-9.623494148,-0.700902522
1.556530356,-9.657012939,-0.090381116
1.556530356,-9.657012939,-0.090381116
1.324292779,-9.683348656,-0.4830302
1.324292779,-9.683348656,-0.4830302
1.434426069,-9.707290649,-0.308253467
1.549347758,-9.661801338,-0.152630359
1.549347758,-9.661801338,-0.152630359
1.254860997,-9.58039856,-0.554856241
1.159092903,-9.654618263,-0.542885244
1.465550661,-9.621099472,-0.303465068
1.479915977,-9.594763756,0.065242
1.206976891,-9.616311073,-0.542885244
1.429637671,-9.700108528,-0.128688335
1.429637671,-9.700108528,-0.128688335
1.216553688,-9.719262123,-0.224456415
1.216553688,-9.719262123,-0.224456415
1.35541749,-9.707290649,-0.308253467
1.35541749,-9.707290649,-0.308253467
1.525405765,-9.688137054,-0.308253467
1.238101602,-9.63067627,-0.346560687
1.312321782,-9.685743332,-0.329801291
1.161487103,-9.719262123,-0.145447746
1.161487103,-9.719262123,-0.145447746
1.285985589,-9.532513618,0.038905777
1.285985589,-9.532513618,0.038905777
0.962768376,-9.506177902,-0.114323132
1.092055202,-9.757569313,0.053270988
2.17423439,-9.589975357,-0.37050271
2.17423439,-9.589975357,-0.37050271
0.498293221,-9.544485092,0.477044702
0.498293221,-9.544485092,0.477044702
2.157474995,-9.853337288,-0.796670616
-1.304540634,-9.977835655,1.22642982
-1.304540634,-9.977835655,1.22642982
0.785597444,-10.703278542,-1.095945835
0.785597444,-10.703278542,-1.095945835
-2.422632933,-9.396044731,-2.008136749
-1.510442019,-12.568362236,-3.059191227
-1.510442019,-12.568362236,-3.059191227
-0.624587357,-6.829460144,-1.663371682
-1.7283144,-9.678560257,1.367687702
-0.796969891,-8.708909035,-1.036090732
1.154304504,-10.990582466,-2.67851305
1.154304504,-10.990582466,-2.67851305
-0.806546688,-9.585186958,-3.514089584
-3.744232178,-10.837353706,1.286284804
8.873210907,-2.725798607,-3.291428804
5.890035629,-22.085313797,2.555211782
-11.783961296,-17.715894699,2.447472572
6.960243702,-4.554968834,-1.739986062
6.960243702,-4.554968834,-1.739986062
6.617872715,-11.543643951,-1.70886147
6.617872715,-11.543643951,-1.70886147
0.931643724,-10.870872498,-2.671330452
-2.681206703,-11.385625839,0.251989722
-2.681206703,-11.385625839,0.251989722
-6.315604687,-12.94425106,2.41634798
0.809539437,-20.031087875,-0.530914247
-22.907423019,-26.287137985,-2.1948843
-22.907423019,-26.287137985,7.32446146
13.218687057,-11.699266434,0.512957692
13.218687057,-11.699266434,0.512957692
0.256478846,-10.626664162,-0.267552048
1.69060564,-14.325705528,6.534375191
-8.360253334,-9.147047997,2.287061214
13.628095627,-22.319946289,-5.759850502
7.915530205,-4.600458622,-3.925892353
-6.071396351,-9.127894402,4.887164116
5.092766285,-13.140576363,-1.886032343
1.963544726,-11.795034409,-7.071873188
1.963544726,-11.795034409,-7.071873188
-3.157652855,-13.875596046,-0.087986909
-3.157652855,-13.875596046,-0.087986909
-7.886200905,-13.042413712,4.87040472
-7.886200905,-13.042413712,4.87040472
-0.03321955,-20.667945862,-0.365714312
5.056853294,-4.229357243,0.474650472
5.056853294,-4.229357243,0.474650472
3.462314844,-4.334702015,-4.617816448
3.462314844,-4.334702015,-4.617816448
-15.449483871,-18.94890976,6.39551115
4.080018997,-7.179013729,2.129043818
5.444714069,-12.372036934,-2.26671052
0.65152216,-7.004237175,0.764348865
0.65152216,-7.004237175,0.764348865
-2.240673542,-11.773487091,-0.4830302
-4.785709858,-12.963404655,3.553593874
-4.656423092,-13.667300224,0.654215634
7.879617214,-10.969035149,-5.403114796
7.879617214,-10.969035149,-5.403114796
3.201346874,-3.058592558,2.571971178
3.201346874,-3.058592558,2.571971178
-7.510311604,-16.932991028,21.950639725
-7.510311604,-16.932991028,21.950639725
9.249100685,-14.459780693,6.369174957
1.511040568,-6.934805393,-3.719990969
-3.626916409,-12.496535301,8.844779968
10.76702404,-20.703859329,-8.415019989
4.862923145,-4.622006416,-6.525995255
3.371335268,-3.922899485,0.074818805
4.917989731,-26.246437073,0.881664753
2.351405382,-5.062539577,-1.177348733
2.351405382,-5.062539577,-1.177348733
1.063324809,-7.722497463,-1.625064373
1.063324809,-7.722497463,-1.625064373
-0.636558354,-10.894814491,-2.482188702
0.184652805,-9.372102737,1.451484799
0.615609109,-11.244368553,3.623025656
1.159092903,-10.466252327,7.671620846
-5.889436722,-17.263391495,-5.304952621
-5.889436722,-17.263391495,-5.304952621
-3.681982994,-14.268244743,1.978209138
-3.681982994,-14.268244743,1.978209138
3.761590242,-6.695384979,-2.891597033
3.761590242,-6.695384979,-2.891597033
6.146214962,-5.038597584,-3.109469414
5.729623795,-5.146336555,0.022146367
5.729623795,-5.146336555,0.022146367
-8.805574417,-15.075091362,2.073977232
5.957073212,-12.862848282,-1.941099048
5.957073212,-12.862848282,-1.941099048
5.578789234,-6.750451565,-10.105326653
2.114379406,-13.27704525,0.319027364
-2.144905329,-14.419079781,-1.785475969
-8.999505043,-8.306682587,3.316567898
8.937853813,-27.632678986,-2.70963788
3.649062634,-2.424129248,4.12341404
3.649062634,-2.424129248,4.12341404
4.951508522,-4.739322186,-2.276287317
4.951508522,-4.739322186,-2.276287317
-21.432594299,-21.623231888,3.577535868
-21.432594299,-21.623231888,3.577535868
8.159738541,-15.877148628,-5.398326397
8.159738541,-15.877148628,-5.398326397
3.596390247,-11.170147896,-1.474229693
3.596390247,-11.170147896,-1.474229693
-1.053149462,-11.124658585,0.247201324
-1.053149462,-11.124658585,-1.82138896
0.467168599,-7.693767071,-0.478241801
0.467168599,-7.693767071,-0.478241801
2.844610929,-16.875530243,-0.653018534
2.844610929,-16.875530243,-0.653018534
-2.427421331,-11.033679008,0.800261915
-2.427421331,-11.033679008,0.800261915
-0.095468789,-8.941145897,1.161786318
1.812709928,-8.802282333,3.967790842
-1.165676951,-6.120776653,-2.384026289
-1.165676951,-6.120776653,-2.384026289
-7.596502781,-11.826159477,10.345944405
-7.596502781,-11.826159477,10.345944405
2.887706518,-7.751227856,-0.851737261
-2.817676067,-9.668983459,-1.392826796
-2.738667488,-9.848548889,-1.677736878
-2.738667488,-9.848548889,-1.677736878
0.541388869,-10.739192009,-1.725620866
0.747290194,-11.392808914,0.788290918
-2.513612509,-13.466187477,1.743577361
-2.513612509,-13.466187477,1.743577361
-1.905485272,-16.334440231,0.450708479
-1.905485272,-16.334440231,0.450708479
4.96108532,-7.195773125,-4.747103214
3.761590242,-18.312051773,2.473809004
2.928407907,-8.088809967,-3.439869404
2.928407907,-8.088809967,-3.439869404
-1.608604312,-10.82298851,-2.443881273
-1.608604312,-10.82298851,-2.443881273
-1.479317427,-12.369643211,5.773018837
-1.479317427,-12.369643211,5.773018837
-8.202236176,-7.69616127,-3.681683779
6.56041193,-24.165874481,-1.893214941
6.56041193,-24.165874481,-1.893214941
1.934814215,-1.679532528,6.369174957
-9.677063942,-6.09444046,-2.767098665
3.775955439,-10.679336548,1.556829691
7.106289864,-12.005723953,-2.872443438
1.889324427,-8.206126213,-2.520495892
1.889324427,-8.206126213,-2.520495892
-3.128922462,-10.930727959,-3.775057554
-3.128922462,-10.930727959,-3.775057554
-5.764938354,-15.089456558,2.981379747
-5.764938354,-10.550049782,11.162366867
-5.403413773,-10.942698479,0.4818331
10.855609894,-18.618509293,-5.005677223
10.855609894,-18.618509293,-5.005677223
3.024176121,-3.355473757,-2.941875219
3.024176121,-3.355473757,-2.941875219
6.244377136,-5.938817501,0.833780766
-2.006041765,-16.291345596,3.646967649
-2.006041765,-16.291345596,3.646967649
3.091213703,-7.167042732,-2.077568531
3.091213703,-7.167042732,-2.077568531
1.367388487,-9.671378136,-3.90434432
-0.840065539,-10.624270439,-3.114257813
-1.922244668,-9.463082314,-2.115875721
-0.737114847,-9.307458878,-0.533308446
-5.271732807,-10.162189484,8.744223595
-5.271732807,-10.162189484,8.744223595
-5.877465725,-11.292252541,-0.190937579
-5.877465725,-11.292252541,-0.190937579
6.965032101,-10.832565308,-6.497264862
6.965032101,-10.832565308,-6.497264862
0.409707755,-5.814318657,6.570288181
0.409707755,-5.814318657,6.570288181
6.127061367,-6.412869453,-1.162983418
-8.647557259,-14.634557724,0.568024337
2.899677515,-9.333795547,-1.89560914
0.795174241,-10.147824287,-2.812588453
-0.562338114,-10.363302231,-2.056020737
-0.057161566,-12.036849022,1.616684675
-1.189618945,-9.977835655,2.969408751
-7.227795601,-9.240421295,0.33578679
-7.227795601,-9.240421295,0.33578679
7.003339291,-17.787721634,-8.288127899
7.003339291,-17.787721634,-8.288127899
1.561318755,-6.443994045,4.726752758
4.005798817,-7.404068947,2.315791607
-1.903091073,-16.047136307,18.938734055
1.350629091,-6.293159008,-0.308253467
1.350629091,-6.293159008,-0.308253467
2.116773605,-8.048109055,-9.355941772
-5.544672012,-14.931438446,-3.82772994
-5.544672012,-14.931438446,-3.82772994
-0.895132184,-18.302474976,0.16579847
-0.895132184,-18.302474976,0.16579847
4.625896931,-4.207809448,0.766743124
4.625896931,-4.207809448,0.766743124
5.487809658,-5.957971096,-3.712808371
-11.733683586,-18.778921127,4.858433723
6.462249756,-11.395202637,2.907159328
3.40245986,-10.056844711,-2.520495892
3.40245986,-10.056844711,-2.520495892
0.108038351,-8.052897453,-0.995389342
-0.081103586,-11.009736061,-2.956240654
-0.902314782,-9.197325706,-3.619434357
0.519841015,-11.634623528,0.675763428
-0.813729286,-12.091916084,-0.257975221
-7.048230648,-10.126276016,2.203263998
7.340921879,-23.227348328,-3.521272182
2.006640196,-3.482366323,1.343745708
2.006640196,-3.482366323,1.343745708
5.732017994,-5.620388508,-4.670488834
-20.838832855,-22.159534454,2.665344954
8.576330185,-10.794258118,-0.995389342
8.576330185,-10.794258118,-0.995389342
4.384082794,-13.291410446,-4.737526417
4.384082794,-13.291410446,-4.737526417
1.554136157,-7.777564049,1.461061597
1.554136157,-7.777564049,1.461061597
-0.490512073,-10.126276016,-1.82138896
-0.193631068,-9.81742382,-1.955464244
0.752078593,-8.198944092,-1.117493629
0.445620805,-7.851784706,-2.424727678
1.862988234,-18.663999557,-1.78308177
1.862988234,-18.663999557,-1.78308177
0.409707755,-10.236409187,-1.237203717
-0.294187546,-6.975506783,7.176021099
0.957979977,-7.478289127,-1.632246971
-4.47446394,-7.73446846,3.4554317
-4.47446394,-7.73446846,3.4554317
-6.959645271,-10.425551414,2.435501575
1.187823296,-6.453570843,-0.451905578
1.187823296,-6.453570843,-0.451905578
6.277895927,-12.628216743,-2.654571056
6.277895927,-12.628216743,-2.654571056
2.06170702,-9.573215485,-1.306635618
-3.720290184,-12.872425079,-3.363254786
-3.526359797,-14.720748901,1.954267144
-3.526359797,-14.720748901,1.954267144
-5.377077579,-8.299500465,1.829768658
-5.377077579,-8.299500465,1.829768658
12.20354557,-27.017368317,-9.140463829
2.190993786,-4.267664433,2.627037764
-1.960551858,-11.165359497,3.520075083
4.783914089,-22.382194519,-3.502118587
1.190217495,-3.226186752,-0.071227498
0.821510434,-7.210138321,-0.605134487
0.821510434,-7.210138321,-0.605134487
-2.475305319,-12.103886604,-2.745550871
-2.475305319,-12.103886604,-2.745550871
6.304232121,-22.200235367,-2.132635117
6.459855556,-8.033743858,-2.027290344
-13.536517143,-14.869189262,-0.614711285
3.462314844,-2.627636433,-1.342548609
4.343380928,-13.454216003,-2.78625226
4.343380928,-13.454216003,-2.78625226
0.079307929,-12.362460136,-4.20601368
-2.082656145,-7.8757267,-0.904409707
-2.082656145,-7.8757267,-0.904409707
-6.284480095,-9.680954933,12.036250114
-6.284480095,-9.680954933,12.036250114
-5.324405193,-15.79574585,-1.007360339
-5.324405193,-15.79574585,-1.007360339
9.177274704,-9.197325706,-3.19326663
9.177274704,-9.197325706,-3.19326663
5.444714069,-5.87896204,-0.715267777
-17.57793045,-12.393585205,5.229535103
-17.57793045,-12.393585205,5.229535103
4.14466238,-3.951629877,-5.237914562
4.14466238,-3.951629877,-5.237914562
2.171840191,-6.558915615,-2.113481522
2.171840191,-6.558915615,-2.113481522
-3.169623852,-10.688913345,-2.913144827
-3.169623852,-10.688913345,-2.913144827
-0.081103586,-10.064026833,2.86166954
2.588431358,-12.726379395,0.589572191
2.588431358,-12.726379395,0.589572191
-4.488829136,-14.584280014,0.924760401
-4.488829136,-14.584280014,0.924760401
0.969950974,-21.297620773,-0.29867667
0.969950974,-21.297620773,-0.29867667
0.258873045,-8.538920403,2.947860956
4.381688595,-5.505466938,-4.253897667
4.381688595,-5.505466938,-4.253897667
-14.810232162,-14.0527668,11.248558044
2.25084877,-10.207678795,3.038840532
2.25084877,-10.207678795,3.038840532
5.040093899,-10.720038414,-3.995324135
-0.816123486,-6.956353188,-1.795052767
-0.816123486,-6.956353188,-1.795052767
-0.46417585,-11.957839966,7.010821342
-1.661276698,-8.517372131,4.374804974
2.246060371,-6.05613327,-1.318606615
2.246060371,-6.05613327,-1.318606615
5.114314079,-10.399214745,-3.880402327
-0.638952553,-9.621099472,-0.217273802
-1.479317427,-8.957905769,-1.507748485
0.199018016,-10.564414978,-0.181360781
3.792714834,-6.786364555,-2.810194254
3.792714834,-6.786364555,-2.810194254
7.616254807,-19.173963547,0.903212607
-1.527201414,-8.730456352,-1.579574585
-4.081814766,-10.332177162,0.072424598
-28.224945068,-20.766107559,-1.500565886
-1.488894224,-12.19486618,1.480215192
-4.421791077,-12.202049255,9.515155792
-4.421791077,-12.202049255,9.515155792
8.138191223,-13.506889343,-8.661623001
8.138191223,-13.506889343,-8.661623001
1.602020264,-8.658630371,-4.447828293
1.391330481,-8.421604156,-2.352901697
-0.492906272,-7.964312077,8.483255386
-0.492906272,-7.964312077,8.483255386
4.812644482,-9.582792282,-0.095169514
-2.688389301,-10.969035149,0.55844754
0.158316582,-11.043255806,0.951096654
0.158316582,-11.043255806,0.951096654
2.564489365,-11.282675743,-1.383249998
-1.548749208,-8.565256119,-2.542043686
-1.548749208,-8.565256119,-2.542043686
5.200505257,-4.961983204,4.262277603
0.852635086,-5.443217754,7.975684643
0.852635086,-5.443217754,7.975684643
-1.026813269,-11.359290123,-0.949899495
-1.026813269,-11.359290123,-0.949899495
-0.373196185,-8.189367294,-2.97300005
-0.373196185,-8.189367294,-2.97300005
2.076072216,-9.369708061,-4.093486309
-1.460163713,-11.033679008,2.047641039
-1.460163713,-11.033679008,2.047641039
-0.770633698,-10.183736801,-5.446210384
-0.770633698,-10.183736801,-5.446210384
-6.492775917,-13.863624573,4.374804974
-6.492775917,-12.304999352,4.173692226
0.335487515,-18.259378433,-0.978629947
3.392883062,-8.263586998,-8.884284019
3.392883062,-8.263586998,-8.884284019
3.330633879,-6.527791023,3.759495258
3.330633879,-6.527791023,3.759495258
-0.794575691,-11.881225586,5.071517944
-9.234136581,-14.656105995,4.214393616
2.1383214,-4.978742599,0.091578215
3.421613455,-5.866991043,-0.344166487
0.378583133,-9.886856079,-4.57472086
-1.261445045,-10.681731224,-2.580350876
-5.053860664,-11.246762276,0.661398232
-0.964564025,-7.205349922,4.784213543
-2.618957281,-6.317101002,-0.274734646
3.574842453,-6.903680801,-2.123058319
3.574842453,-6.903680801,-2.123058319
-0.521636724,-9.628282547,9.747393608
-0.521636724,-9.628282547,9.747393608
4.810250282,-19.185935974,1.652597666
4.810250282,-19.185935974,1.652597666
4.977844715,-10.487800598,-2.745550871
-1.203984141,-10.245985985,-2.889202833
-1.203984141,-10.245985985,-2.889202833
-0.136170223,-8.215703011,-1.230021119
-0.545578718,-13.964180946,-0.322618693
-1.460163713,-17.749414444,-2.688089848
-1.460163713,-17.749414444,-2.688089848
3.347393274,-8.931569099,-2.324171305
5.042488098,-5.694608688,-3.198055029
-5.683535576,-11.050437927,18.079216003
-5.683535576,-11.050437927,18.079216003
1.932420015,-15.611392021,3.04841733
1.932420015,-15.611392021,3.04841733
0.991498768,-8.222886086,-3.621828556
6.977003098,-8.443152428,-4.323329926
-0.332494766,-9.216479301,-1.507748485
-2.422632933,-9.484629631,-1.043273449
-2.422632933,-9.484629631,-1.043273449
0.754472792,-9.798270226,-2.295440912
-0.164900646,-13.954604149,3.733159065
-5.513547421,-9.85573101,0.951096654
-5.513547421,-9.85573101,0.951096654
-2.520795107,-11.811794281,4.295796394
-2.520795107,-11.811794281,4.295796394
9.143755913,-12.328941345,-6.406285286
-1.785775185,-7.179013729,2.330156803
1.76722014,-6.87016201,-0.030526072
5.698499203,-6.257246017,-3.274669409
-13.095984459,-12.633005142,1.353322506
-13.095984459,-12.633005142,1.353322506
2.911648512,-12.64258194,-1.543661594
2.911648512,-12.64258194,-1.543661594
6.36887598,-12.510901451,-3.834912539
6.36887598,-12.510901451,-3.834912539
-1.948580861,-9.666589737,-1.704073071
-1.948580861,-9.666589737,-1.704073071
-0.617404759,-7.356184959,-0.286705643
0.361823738,-10.279504776,-0.708085179
-5.017947674,-10.442310333,-0.126294136
-5.017947674,-10.442310333,-0.126294136
-2.745850086,-11.402385712,0.194528893
-2.745850086,-11.402385712,0.194528893
5.825392246,-10.787075996,-8.177994728
-0.765845239,-7.437587738,-2.130240917
-0.765845239,-7.437587738,-2.130240917
7.97059679,-6.36259079,-0.868496656
7.97059679,-6.36259079,-0.868496656
-14.915576935,-13.897143364,-3.109469414
-14.915576935,-13.897143364,-3.109469414
0.98431617,-3.673902512,-3.995324135
-1.929427266,-7.2891469,-0.250792623
-0.701201797,-8.572439194,-1.083974838
-0.322917968,-10.562021255,-0.925957501
-2.767397881,-13.18846035,-1.512536883
10.075099945,-9.81742382,-3.490147591
10.075099945,-9.81742382,-3.490147591
-0.890343785,-5.376179695,-0.152630359
-0.890343785,-5.376179695,-0.152630359
0.143951371,-12.45104599,4.061164856
0.143951371,-12.45104599,4.061164856
4.611531734,-5.756857872,-2.633023262
4.611531734,-5.756857872,-2.633023262
-0.72514385,-9.671378136,-2.032078743
-2.803310871,-11.174936295,-2.520495892
1.602020264,-9.498994827,-1.174954534
1.602020264,-9.498994827,-1.174954534
-6.622062683,-15.240290642,0.987009645
-6.622062683,-15.240290642,0.987009645
1.412878275,-20.5242939,-2.029684544
1.412878275,-20.5242939,-2.029684544
2.562095165,-8.807070732,0.232836112
2.562095165,-8.807070732,0.232836112
4.235641956,-5.251681328,-1.917157054
4.235641956,-5.251681328,-1.917157054
2.791938543,-3.065775394,-2.75033927
2.791938543,-3.065775394,-2.75033927
-2.542342901,-11.201272964,-3.746327162
1.341052175,-8.589199066,-0.234033212
2.942773104,-8.412027359,0.290296942
2.942773104,-8.412027359,0.290296942
-1.610998511,-9.202114105,-3.281852007
-1.610998511,-9.202114105,-3.281852007
-0.820911884,-12.321759224,0.572812736
1.314715981,-11.581951141,2.883217335
1.314715981,-11.581951141,2.883217335
3.589207649,-9.278728485,0.493804097
3.589207649,-9.278728485,0.493804097
-5.238214016,-11.59871006,-1.871667147
-6.164770126,-8.342596054,5.284601688
-6.164770126,-8.342596054,5.284601688
-6.624456882,-11.804611206,5.2391119
-6.624456882,-11.804611206,5.2391119
0.333093315,-11.091139793,8.186373711
0.333093315,-11.091139793,8.186373711
4.276343346,-12.38640213,-5.673659325
4.276343346,-12.38640213,-5.673659325
-3.624522209,-10.257957458,-0.514154792
-0.638952553,-9.443928719,3.450643301
-0.638952553,-9.443928719,3.450643301
0.096067347,-10.578780174,-5.53958416
0.096067347,-10.578780174,-5.53958416
-5.104138851,-14.493300438,11.176732063
-5.104138851,-14.493300438,11.176732063
-2.391508341,-9.434351921,5.339668274
-2.391508341,-9.434351921,5.339668274
11.832444191,-13.70800209,-6.693589211
11.921029091,-9.216479301,-8.362347603
-0.581491709,-6.549338818,2.164956808
3.232471466,-5.591658115,-2.522890091
-3.799298763,-9.829395294,5.363610268
-3.799298763,-9.829395294,5.363610268
-2.106598139,-12.127828598,-9.126098633
-2.106598139,-12.127828598,-9.126098633
4.099172592,-10.664971352,-3.480570793
4.099172592,-10.664971352,-3.480570793
0.780809045,-9.901221275,-1.89560914
-0.251091897,-8.287528992,1.473032594
-1.192013144,-9.702502251,0.402824432
0.661098957,-12.649765015,-0.832583666
-0.998082817,-12.692860603,-1.122282028
-0.998082817,-12.692860603,-1.122282028
-5.372289181,-12.15655899,-0.969053149
-5.372289181,-12.15655899,-0.969053149
10.060734749,-9.628282547,-7.457339764
10.060734749,-9.628282547,-7.457339764
0.890942335,-22.097284317,3.759495258
0.31633389,-6.860584736,-1.548449993
0.31633389,-6.860584736,-1.548449993
-1.09624505,-10.38006115,-3.044826031
-1.831264973,-9.621099472,-2.388814688
-1.831264973,-9.621099472,-2.388814688
-5.978022575,-10.348937035,5.705981255
-5.978022575,-10.348937035,5.705981255
-0.342071563,-5.617994308,-1.59872818
3.32584548,-7.25323391,0.050876785
3.32584548,-7.25323391,0.050876785
-2.633322477,-10.530896187,6.194398403
-2.633322477,-23.105243683,1.516128182
-1.903091073,-5.864596844,-6.537966251
1.590049148,-8.191761017,-1.321000814
1.590049148,-8.191761017,-1.321000814
-0.825700283,-10.504559517,-0.224456415
-1.61578691,-9.367314339,-1.52450788
-4.871901035,-13.760674477,5.576694489
-4.871901035,-13.760674477,5.576694489
-3.274968624,-11.66335392,17.104776382
-3.274968624,-11.66335392,17.104776382
8.059182167,-15.338453293,-6.286575317
8.059182167,-15.338453293,-6.286575317
-2.403479338,-5.397727966,2.509721994
-2.403479338,-5.397727966,2.509721994
5.909189224,-5.546168327,-0.471059173
5.909189224,-5.546168327,-0.471059173
-2.975693464,-10.978611946,3.024475336
-2.975693464,-10.978611946,3.024475336
-1.302146435,-9.819818497,-5.46296978
3.14149189,-8.297105789,-2.316988707
-2.963722467,-9.946710587,-1.060032845
-2.963722467,-9.946710587,-1.060032845
-1.567902803,-7.609970093,-0.842160463
2.404077768,-10.528501511,-0.746392369
2.404077768,-10.528501511,-0.746392369
-4.366724491,-12.45104599,0.603937387
-4.366724491,-12.45104599,0.603937387
-3.167229652,-16.446968079,1.774701953
0.606032312,-18.783708572,-1.112705231
10.304943085,-8.134300232,-9.056666374
2.911648512,-6.652289391,-0.626682281
2.911648512,-6.652289391,-0.626682281
6.78786087,-5.596446514,-1.289876223
-18.672079086,-18.776527405,5.806537628
-18.672079086,-18.776527405,5.806537628
12.847585678,-11.043255806,13.156737328
12.847585678,-11.043255806,13.156737328
2.262819767,-12.384008408,-1.445499301
2.262819767,-12.384008408,-1.445499301
-0.191236854,-9.858125687,-1.452681899
-1.761833191,-12.319364548,5.629366875
-1.761833191,-12.319364548,5.629366875
-11.024999619,-9.185355186,2.193687201
-11.024999619,-9.185355186,2.193687201
10.01763916,-15.896302223,-14.63994503
10.01763916,-15.896302223,-14.63994503
2.533364773,-6.970718384,12.122441292
2.533364773,-6.970718384,12.122441292
5.870882034,-6.499060631,4.137779236
1.115997314,-10.363302231,-0.837372065
-0.447416455,-11.174936295,-3.028066635
-4.713883877,-11.912350655,4.623802185
0.586878717,-22.631191254,-4.706401825
1.597231865,-12.204442978,0.74519527
6.716034889,-8.850166321,-2.814982653
1.13275671,-10.26513958,-3.485359192
-0.028431145,-11.189301491,3.627814054
-10.579677582,-8.634688377,5.076306343
12.20354557,-14.799757957,-6.624157429
12.20354557,-14.799757957,-6.624157429
-3.808875561,-6.997054577,-2.597110271
-3.808875561,-6.997054577,-2.597110271
6.170156956,-4.334702015,-2.185307503
-19.924247742,-18.580202103,0.093972415
7.170933247,-26.749217987,10.78168869
9.08868885,-15.125369072,-0.684143126
9.08868885,-15.125369072,-0.684143126
2.375347376,-10.36809063,-4.308964729
-3.715501785,-9.147047997,-2.393603086
-1.124975562,-9.645041466,-3.432686806
-3.665223598,-14.009671211,-2.874837637
-3.665223598,-14.009671211,-2.874837637
2.265213966,-9.736021042,4.195240021
-0.562338114,-7.344213486,-0.693719923
2.875735521,-7.241262913,-3.279457808
-2.372354507,-6.429628849,0.503380895
-8.00830555,-9.419986725,4.743512154
-8.00830555,-9.419986725,4.743512154
-3.55269599,-8.316259384,-0.734421372
-3.55269599,-8.316259384,-0.734421372
4.082413197,-10.660182953,-3.396773577
-0.229544088,-11.519701004,-1.220444322
-0.758662641,-7.98825407,-0.449511379
-0.758662641,-7.98825407,-0.449511379
0.766443849,-12.422315598,-2.039261341
0.766443849,-12.422315598,-2.039261341
-3.136105061,-10.41836834,2.186504602
-1.929427266,-18.53950119,-0.195725992
-0.483329475,-7.736862659,5.835268021
-0.483329475,-7.736862659,5.835268021
5.540482044,-3.017891169,-7.675211906
-15.368081093,-17.521965027,-6.43022728
-15.368081093,-17.521965027,-6.43022728
-3.093009233,-11.093533516,2.4881742
-7.60129118,-5.397727966,0.038905777
7.453449249,-7.957129478,-5.065532207
7.453449249,-7.957129478,-5.065532207
3.646668434,-9.815030098,-5.297770023
-2.937386274,-9.056067467,-1.795052767
-1.496076822,-9.609128952,-0.10235212
-1.496076822,-9.609128952,-0.10235212
-0.737114847,-9.290699959,-3.154959202
0.11043255,-13.482946396,-1.218050122
-7.007529259,-10.878055573,0.726041675
-0.974140823,-12.738349915,-0.734421372
6.869264126,-9.520543098,-4.031237125
0.804751039,-8.977059364,2.3421278
-4.37151289,-10.162189484,-5.067926407
-4.37151289,-10.162189484,-5.067926407
-1.251868248,-9.719262123,-1.261145711
2.052130222,-10.095151901,-1.577180386
-7.302015781,-10.289081573,0.110731825
-7.302015781,-10.289081573,0.110731825
-1.924638867,-14.52203083,-1.663371682
-1.924638867,-14.52203083,-1.663371682
4.446331978,-8.601169586,-8.029554367
4.446331978,-8.601169586,-8.029554367
2.870947123,-7.265204906,-3.274669409
3.517381668,-7.435193539,0.280720145
2.566883564,-8.397662163,2.555211782
-10.495881081,-9.340977669,3.115454912
-10.495881081,-9.340977669,3.115454912
0.431255579,-9.566033363,-0.815824211
-1.761833191,-9.963470459,-2.673724651
-1.7259202,-9.29788208,-4.01447773
-0.413897634,-8.653841972,-2.008136749
-0.883161128,-12.45104599,17.332223892
-4.881477833,-12.237961769,12.986748695
0.855029285,-15.817293167,-4.059967518
0.855029285,-15.817293167,-4.059967518
-2.738667488,-8.383296967,2.4881742
5.562029839,-5.771223068,-4.232349873
2.554912567,-9.065644264,10.889428139
-15.344139099,-15.814899445,-3.873219728
-15.344139099,-15.814899445,-3.873219728
2.193387985,-11.687295914,-0.729632974
2.193387985,-11.687295914,-0.729632974
4.850952148,-11.435904503,-1.129464626
-0.409109205,-11.04086113,-3.121440411
-0.409109205,-11.04086113,-3.121440411
-1.50325942,-8.969876289,-2.834136248
0.42886138,-12.791022301,-0.159812957
-9.260473251,-12.216414452,9.553462982
-9.260473251,-12.216414452,9.553462982
-3.464110613,-15.063119888,-0.169389769
6.979397297,-7.380126953,-2.570774078
-1.587056398,-6.714538574,2.983773947
-1.587056398,-6.714538574,2.983773947
2.540547371,-9.867702484,8.231863976
2.540547371,-9.867702484,8.231863976
0.653916359,-13.497312546,1.580771685
6.04087019,-12.056002617,0.002992752
1.83904624,-6.738480568,-1.926733851
1.554136157,-9.080010414,-1.991377234
-1.053149462,-9.173383713,-0.787093818
-0.658106208,-12.206837654,0.287902743
-3.646070004,-10.808623314,0.560841739
-6.71064806,-10.506954193,0.560841739
8.621819496,-12.580332756,-5.278616428
1.032200217,-8.012195587,-2.463035107
-7.2301898,-10.830171585,-0.468664974
-7.2301898,-10.830171585,-0.468664974
1.527799964,-11.720814705,-1.344942808
-0.957381427,-7.765593052,-1.462258697
-0.818517685,-11.797429085,-3.459022999
1.439214468,-8.890868187,0.034117375
0.400130957,-10.492588997,0.828992367
0.400130957,-10.492588997,0.828992367
-1.067514658,-8.768763542,2.583942175
-1.067514658,-8.768763542,2.583942175
0.754472792,-9.913191795,-0.346560687
0.754472792,-9.913191795,-0.346560687
1.274014592,-9.36252594,-1.055244446
1.43203187,-9.599552155,-0.415992558
0.459986001,-10.075998306,-0.030526072
0.459986001,-10.075998306,-0.030526072
0.167893395,-9.599552155,1.772307754
0.167893395,-9.599552155,1.772307754
0.98671037,-9.884461403,-0.70569098
0.98671037,-9.884461403,-0.70569098
1.039382815,-9.762357712,-0.360925913
1.039382815,-9.762357712,-0.360925913
0.646733761,-9.99698925,-0.356137514
